{
    "music_volume": 0.09875,
    "sfx_volume": 0.32875,
    "parallax_mod": 0.2575
}