{
    "music_volume": 0.00125,
    "sfx_volume": 0.23875,
    "parallax_mod": 0.99625
}