{
    "music_volume": 0.02625,
    "sfx_volume": 0.1075,
    "parallax_mod": 0.30625
}