{
    "music_volume": 0.00125,
    "sfx_volume": 0.19125,
    "parallax_mod": 0.2575
}