{
    "music_volume": 0.00125,
    "sfx_volume": 0.0675,
    "parallax_mod": 0.14625
}