{
    "music_volume": 0.99875,
    "sfx_volume": 0.99875,
    "parallax_mod": 0.99625
}